Project_Accession,Total_Attributes,Alias,dee2_url,has_dee2,Curator,URL,is_curated,is_in_Benchmark
PRJEB25079,6986,ERP106963,https://dee2.io/huge/athaliana/ERP106963_NA.zip,TRUE,Kevin,https://git.nfdi4plants.org/insdc_curation/PRJEB25079,,
PRJNA358059,2516,SRP095347,https://dee2.io/huge/athaliana/SRP095347_GSE92568.zip,TRUE,Kevin,https://git.nfdi4plants.org/insdc_curation/PRJNA358059,,
PRJNA382136,1407,SRP103736,https://dee2.io/huge/athaliana/SRP103736_GSE97500.zip,TRUE,Kevin,https://git.nfdi4plants.org/insdc_curation/PRJNA382136,,
PRJNA475542,2359,SRP150217,https://dee2.io/huge/athaliana/SRP150217_GSE115583.zip,TRUE,Kevin,https://git.nfdi4plants.org/insdc_curation/PRJNA475542,,
PRJNA483458,1732,SRP155742,https://dee2.io/huge/athaliana/SRP155742_GSE117857.zip,TRUE,Kevin,https://git.nfdi4plants.org/insdc_curation/PRJNA483458,,
PRJNA515610,1595,SRP179923,https://dee2.io/huge/athaliana/SRP179923_GSE125230.zip,TRUE,Kevin,https://git.nfdi4plants.org/insdc_curation/PRJNA515610,,
PRJNA638728,1517,SRP266864,https://dee2.io/huge/athaliana/SRP266864_GSE152249.zip,TRUE,Kevin,https://git.nfdi4plants.org/insdc_curation/PRJNA638728,,
PRJNA663790,1440,SRP282567,https://dee2.io/huge/athaliana/SRP282567_GSE158027.zip,TRUE,Kevin,https://git.nfdi4plants.org/insdc_curation/PRJNA663790,,
PRJNA808745,3479,SRP360684,https://dee2.io/huge/athaliana/SRP360684_GSE197063.zip,TRUE,Kevin,https://git.nfdi4plants.org/insdc_curation/PRJNA808745,,
PRJNA915364,1995,SRP414670,https://dee2.io/huge/athaliana/SRP414670_GSE221679.zip,TRUE,Kevin,https://git.nfdi4plants.org/insdc_curation/PRJNA915364,,
PRJEB22060,29963,ERP024386,,FALSE,Emre,https://git.nfdi4plants.org/insdc_curation/PRJEB22060,TRUE,TRUE
PRJEB24450,8066,ERP106277,,FALSE,Emre,https://git.nfdi4plants.org/insdc_curation/PRJEB24450,TRUE,TRUE
PRJEB27774,24382,ERP109898 ,,FALSE,Emre,https://git.nfdi4plants.org/insdc_curation/PRJEB27774,TRUE,TRUE
PRJNA890893,18167,SRP402832,,FALSE,Emre,https://git.nfdi4plants.org/insdc_curation/PRJNA890893,TRUE,TRUE
PRJEB33339,1922,ERP116123,https://dee2.io/huge/athaliana/ERP116123_NA.zip,TRUE,Emre,https://git.nfdi4plants.org/insdc_curation/PRJEB33339,TRUE,TRUE
PRJNA1014093,1001,SRP459156,https://dee2.io/huge/athaliana/SRP459156_GSE242681.zip,TRUE,Emre,https://git.nfdi4plants.org/insdc_curation/PRJNA1014093,,
PRJNA1033576,3679,SRP469232,https://dee2.io/huge/athaliana/SRP469232_GSE246527.zip,TRUE,Emre,https://git.nfdi4plants.org/insdc_curation/PRJNA1033576,TRUE,TRUE
PRJNA1096619,1231,SRP499919,https://dee2.io/huge/athaliana/SRP499919_GSE263276.zip,TRUE,Emre,https://git.nfdi4plants.org/insdc_curation/PRJNA1096619,TRUE,TRUE
PRJNA224705,1289,SRP031910,https://dee2.io/huge/athaliana/SRP031910_GSE51720.zip,TRUE,Emre,https://git.nfdi4plants.org/insdc_curation/PRJNA224705,,
PRJNA302221,1672,SRP066214,https://dee2.io/huge/athaliana/SRP066214_GSE75016.zip,TRUE,Emre,https://git.nfdi4plants.org/insdc_curation/PRJNA302221,,
PRJNA313379,6076,SRP070918,https://dee2.io/huge/athaliana/SRP070918_GSE78735.zip,TRUE,Emre,https://git.nfdi4plants.org/insdc_curation/PRJNA313379,TRUE,TRUE
PRJNA368916,2724,SRP097877,https://dee2.io/huge/athaliana/SRP097877_GSE94107.zip,TRUE,Emre,https://git.nfdi4plants.org/insdc_curation/PRJNA368916,,
PRJNA378644,1223,SRP101641,https://dee2.io/huge/athaliana/SRP101641_GSE96041.zip,TRUE,Emre,https://git.nfdi4plants.org/insdc_curation/PRJNA378644,,
PRJNA419306,1073,SRP125388,https://dee2.io/huge/athaliana/SRP125388_GSE107203.zip,TRUE,Emre,https://git.nfdi4plants.org/insdc_curation/PRJNA419306,,
PRJNA429659,1021,SRP128933,https://dee2.io/huge/athaliana/SRP128933_GSE109115.zip,TRUE,Emre,https://git.nfdi4plants.org/insdc_curation/PRJNA429659,,
PRJNA478998,943,SRP151817,https://dee2.io/huge/athaliana/SRP151817_GSE116553.zip,TRUE,Emre,https://git.nfdi4plants.org/insdc_curation/PRJNA478998,,
PRJNA481720,1016,SRP154321,https://dee2.io/huge/athaliana/SRP154321_GSE117296.zip,TRUE,Emre,https://git.nfdi4plants.org/insdc_curation/PRJNA481720,,
PRJNA504621,1929,SRP168223,https://dee2.io/huge/athaliana/SRP168223_GSE122314.zip,TRUE,Emre,https://git.nfdi4plants.org/insdc_curation/PRJNA504621,,
PRJNA518089,1537,SRP183179,https://dee2.io/huge/athaliana/SRP183179_GSE125950.zip,TRUE,Emre,https://git.nfdi4plants.org/insdc_curation/PRJNA518089,TRUE,TRUE
PRJNA544417,943,SRP199288,https://dee2.io/huge/athaliana/SRP199288_GSE131682.zip,TRUE,Emre,https://git.nfdi4plants.org/insdc_curation/PRJNA544417,,
PRJNA551415,1267,SRP212174,https://dee2.io/huge/athaliana/SRP212174_GSE133408.zip,TRUE,Emre,https://git.nfdi4plants.org/insdc_curation/PRJNA551415,,
PRJNA566089,967,SRP222258,https://dee2.io/huge/athaliana/SRP222258_GSE137623.zip,TRUE,Emre,https://git.nfdi4plants.org/insdc_curation/PRJNA566089,,
PRJNA575019,907,SRP223758,https://dee2.io/huge/athaliana/SRP223758_GSE138196.zip,TRUE,Emre,https://git.nfdi4plants.org/insdc_curation/PRJNA575019,,
PRJNA611770,1537,SRP252208,https://dee2.io/huge/athaliana/SRP252208_GSE146723.zip,TRUE,Emre,https://git.nfdi4plants.org/insdc_curation/PRJNA611770,,
PRJNA628644,903,SRP258701,https://dee2.io/huge/athaliana/SRP258701_GSE149414.zip,TRUE,Emre,https://git.nfdi4plants.org/insdc_curation/PRJNA628644,,
PRJNA630258,936,SRP260029,https://dee2.io/huge/athaliana/SRP260029_GSE149840.zip,TRUE,Emre,https://git.nfdi4plants.org/insdc_curation/PRJNA630258,,
PRJNA641096,1042,SRP268298,https://dee2.io/huge/athaliana/SRP268298_GSE152971.zip,TRUE,Emre,https://git.nfdi4plants.org/insdc_curation/PRJNA641096,,
PRJNA666631,2503,SRP285902,https://dee2.io/huge/athaliana/SRP285902_GSE158809.zip,TRUE,Emre,https://git.nfdi4plants.org/insdc_curation/PRJNA666631,,
PRJNA691022,1087,SRP301115,https://dee2.io/huge/athaliana/SRP301115_GSE164502.zip,TRUE,Emre,https://git.nfdi4plants.org/insdc_curation/PRJNA691022,,
PRJNA727531,1159,SRP318562,https://dee2.io/huge/athaliana/SRP318562_GSE173899.zip,TRUE,Emre,https://git.nfdi4plants.org/insdc_curation/PRJNA727531,,
PRJNA730903,1010,SRP320382,https://dee2.io/huge/athaliana/SRP320382_GSE174655.zip,TRUE,Emre,https://git.nfdi4plants.org/insdc_curation/PRJNA730903,,
PRJNA737113,995,SRP323822,https://dee2.io/huge/athaliana/SRP323822_GSE177484.zip,TRUE,Emre,https://git.nfdi4plants.org/insdc_curation/PRJNA737113,,
PRJNA779072,1429,SRP345289,https://dee2.io/huge/athaliana/SRP345289_GSE188493.zip,TRUE,Emre,https://git.nfdi4plants.org/insdc_curation/PRJNA779072,,
PRJNA841954,1460,SRP376838,https://dee2.io/huge/athaliana/SRP376838_GSE204681.zip,TRUE,Emre,https://git.nfdi4plants.org/insdc_curation/PRJNA841954,,
PRJNA867350,3559,SRP390712,https://dee2.io/huge/athaliana/SRP390712_GSE210742.zip,TRUE,Emre,https://git.nfdi4plants.org/insdc_curation/PRJNA867350,TRUE,TRUE
PRJNA871888,1114,SRP393237,https://dee2.io/huge/athaliana/SRP393237_GSE211718.zip,TRUE,Emre,https://git.nfdi4plants.org/insdc_curation/PRJNA871888,,
PRJNA906171,3067,SRP410309,https://dee2.io/huge/athaliana/SRP410309_GSE218944.zip,TRUE,Emre,https://git.nfdi4plants.org/insdc_curation/PRJNA906171,TRUE,TRUE
PRJNA938512,976,SRP424504,https://dee2.io/huge/athaliana/SRP424504_GSE226105.zip,TRUE,Emre,https://git.nfdi4plants.org/insdc_curation/PRJNA938512,,
PRJNA945404,6909,SRP427656,https://dee2.io/huge/athaliana/SRP427656_GSE227500.zip,TRUE,Emre,https://git.nfdi4plants.org/insdc_curation/PRJNA945404,,
PRJNA989636,2207,SRP446862,https://dee2.io/huge/athaliana/SRP446862_GSE236290.zip,TRUE,Emre,https://git.nfdi4plants.org/insdc_curation/PRJNA989636,,
