Project_Accession,Total_Attributes,Alias,dee2_url,has_dee2
PRJNA852208,10533,SRP383392,,False
PRJEB15671,8315,ERP017503,,False
PRJEB25079,6986,ERP106963,https://dee2.io/huge/athaliana/ERP106963_NA.zip,True
PRJNA945404,6909,SRP427656,https://dee2.io/huge/athaliana/SRP427656_GSE227500.zip,True
PRJEB19252,4882,ERP021242,,False
PRJNA236110,4655,SRP035593,,False
PRJNA808745,3479,SRP360684,https://dee2.io/huge/athaliana/SRP360684_GSE197063.zip,True
PRJNA368916,2724,SRP097877,https://dee2.io/huge/athaliana/SRP097877_GSE94107.zip,True
PRJNA358059,2516,SRP095347,https://dee2.io/huge/athaliana/SRP095347_GSE92568.zip,True
PRJNA666631,2503,SRP285902,https://dee2.io/huge/athaliana/SRP285902_GSE158809.zip,True
PRJNA475542,2359,SRP150217,https://dee2.io/huge/athaliana/SRP150217_GSE115583.zip,True
PRJNA817215,2276,SRP364447,,False
PRJNA989636,2207,SRP446862,https://dee2.io/huge/athaliana/SRP446862_GSE236290.zip,True
PRJNA915364,1995,SRP414670,https://dee2.io/huge/athaliana/SRP414670_GSE221679.zip,True
PRJNA504621,1929,SRP168223,https://dee2.io/huge/athaliana/SRP168223_GSE122314.zip,True
PRJNA483458,1732,SRP155742,https://dee2.io/huge/athaliana/SRP155742_GSE117857.zip,True
PRJNA302221,1672,SRP066214,https://dee2.io/huge/athaliana/SRP066214_GSE75016.zip,True
PRJNA770533,1661,SRP340951,,False
PRJNA515610,1595,SRP179923,https://dee2.io/huge/athaliana/SRP179923_GSE125230.zip,True
PRJNA611770,1537,SRP252208,https://dee2.io/huge/athaliana/SRP252208_GSE146723.zip,True
PRJNA638728,1517,SRP266864,https://dee2.io/huge/athaliana/SRP266864_GSE152249.zip,True
PRJNA841954,1460,SRP376838,https://dee2.io/huge/athaliana/SRP376838_GSE204681.zip,True
PRJNA663790,1440,SRP282567,https://dee2.io/huge/athaliana/SRP282567_GSE158027.zip,True
PRJNA900135,1440,SRP407150,,False
PRJNA779072,1429,SRP345289,https://dee2.io/huge/athaliana/SRP345289_GSE188493.zip,True
PRJNA382136,1407,SRP103736,https://dee2.io/huge/athaliana/SRP103736_GSE97500.zip,True
PRJNA615216,1305,SRP254043,,False
PRJNA224705,1289,SRP031910,https://dee2.io/huge/athaliana/SRP031910_GSE51720.zip,True
PRJNA551415,1267,SRP212174,https://dee2.io/huge/athaliana/SRP212174_GSE133408.zip,True
PRJNA378644,1223,SRP101641,https://dee2.io/huge/athaliana/SRP101641_GSE96041.zip,True
PRJNA689309,1159,SRP300093,,False
PRJNA727531,1159,SRP318562,https://dee2.io/huge/athaliana/SRP318562_GSE173899.zip,True
PRJNA871888,1114,SRP393237,https://dee2.io/huge/athaliana/SRP393237_GSE211718.zip,True
PRJNA545612,1114,SRP199974,,False
PRJNA792010,1111,SRP352332,,False
PRJNA691022,1087,SRP301115,https://dee2.io/huge/athaliana/SRP301115_GSE164502.zip,True
PRJNA419306,1073,SRP125388,https://dee2.io/huge/athaliana/SRP125388_GSE107203.zip,True
PRJNA641096,1042,SRP268298,https://dee2.io/huge/athaliana/SRP268298_GSE152971.zip,True
PRJNA429659,1021,SRP128933,https://dee2.io/huge/athaliana/SRP128933_GSE109115.zip,True
PRJNA481720,1016,SRP154321,https://dee2.io/huge/athaliana/SRP154321_GSE117296.zip,True
PRJNA730903,1010,SRP320382,https://dee2.io/huge/athaliana/SRP320382_GSE174655.zip,True
PRJNA1014093,1001,SRP459156,https://dee2.io/huge/athaliana/SRP459156_GSE242681.zip,True
PRJNA874688,999,SRP394711,,False
PRJNA737113,995,SRP323822,https://dee2.io/huge/athaliana/SRP323822_GSE177484.zip,True
PRJNA493616,991,SRP162754,,False
PRJNA938512,976,SRP424504,https://dee2.io/huge/athaliana/SRP424504_GSE226105.zip,True
PRJNA566089,967,SRP222258,https://dee2.io/huge/athaliana/SRP222258_GSE137623.zip,True
PRJNA544417,943,SRP199288,https://dee2.io/huge/athaliana/SRP199288_GSE131682.zip,True
PRJNA478998,943,SRP151817,https://dee2.io/huge/athaliana/SRP151817_GSE116553.zip,True
PRJNA630258,936,SRP260029,https://dee2.io/huge/athaliana/SRP260029_GSE149840.zip,True
PRJNA575019,907,SRP223758,https://dee2.io/huge/athaliana/SRP223758_GSE138196.zip,True
PRJNA628644,903,SRP258701,https://dee2.io/huge/athaliana/SRP258701_GSE149414.zip,True
PRJNA625566,903,SRP256503,https://dee2.io/huge/athaliana/SRP256503_GSE148753.zip,True
PRJNA497989,901,SRP168517,,False
PRJNA612487,858,SRP252735,https://dee2.io/huge/athaliana/SRP252735_GSE146948.zip,True
PRJNA311764,848,SRP069988,https://dee2.io/huge/athaliana/SRP069988_GSE77735.zip,True
PRJNA506000,847,SRP169564,https://dee2.io/huge/athaliana/SRP169564_GSE122677.zip,True
PRJNA477936,847,SRP151348,https://dee2.io/huge/athaliana/SRP151348_GSE116269.zip,True
PRJNA745095,845,SRP327627,https://dee2.io/huge/athaliana/SRP327627_GSE179796.zip,True
PRJNA287627,843,SRP059724,https://dee2.io/huge/athaliana/SRP059724_GSE70094.zip,True
PRJNA545832,835,SRP200108,https://dee2.io/huge/athaliana/SRP200108_GSE132066.zip,True
PRJNA588176,819,SRP229078,https://dee2.io/huge/athaliana/SRP229078_GSE140070.zip,True
PRJNA916484,817,SRP415041,https://dee2.io/huge/athaliana/SRP415041_GSE221846.zip,True
PRJNA318880,809,SRP073485,https://dee2.io/huge/athaliana/SRP073485_GSE80422.zip,True
PRJNA695076,803,SRP303532,,False
PRJNA639173,791,SRP267137,https://dee2.io/huge/athaliana/SRP267137_GSE152405.zip,True
PRJNA1096312,787,SRP499774,,False
PRJNA560779,775,SRP218715,https://dee2.io/huge/athaliana/SRP218715_GSE135957.zip,True
PRJNA636648,763,SRP265579,,False
PRJNA476754,757,SRP150839,https://dee2.io/huge/athaliana/SRP150839_GSE115991.zip,True
PRJNA1020877,744,SRP463096,https://dee2.io/huge/athaliana/SRP463096_GSE244009.zip,True
PRJNA513321,736,SRP176448,,False
PRJNA525997,735,SRP187842,https://dee2.io/huge/athaliana/SRP187842_GSE127986.zip,True
PRJNA549850,735,SRP201971,https://dee2.io/huge/athaliana/SRP201971_GSE133053.zip,True
PRJNA534240,727,SRP193460,https://dee2.io/huge/athaliana/SRP193460_GSE130186.zip,True
PRJNA622644,727,SRP254970,https://dee2.io/huge/athaliana/SRP254970_GSE147962.zip,True
PRJNA649955,709,SRP274617,,False
PRJNA602947,709,SRP244461,https://dee2.io/huge/athaliana/SRP244461_GSE144182.zip,True
PRJNA705878,705,SRP308812,https://dee2.io/huge/athaliana/SRP308812_GSE168015.zip,True
PRJNA791625,703,SRP352133,https://dee2.io/huge/athaliana/SRP352133_GSE192469.zip,True
PRJNA672885,699,SRP289447,https://dee2.io/huge/athaliana/SRP289447_GSE160285.zip,True
PRJNA940403,696,SRP425303,,False
PRJNA613493,691,SRP253380,,False
PRJNA231088,687,SRP033660,https://dee2.io/huge/athaliana/SRP033660_GSE53197.zip,True
PRJNA677963,685,SRP292364,https://dee2.io/huge/athaliana/SRP292364_GSE161366.zip,True
PRJNA508267,680,SRP172401,https://dee2.io/huge/athaliana/SRP172401_NA.zip,True
PRJNA991926,679,SRP447605,,False
PRJNA615658,679,SRP254177,https://dee2.io/huge/athaliana/SRP254177_GSE147589.zip,True
PRJNA601783,667,SRP242315,,False
PRJNA529391,665,SRP189599,https://dee2.io/huge/athaliana/SRP189599_GSE128932.zip,True
PRJEB33535,660,ERP116333,https://dee2.io/huge/athaliana/ERP116333_NA.zip,True
PRJNA316697,643,SRP072503,https://dee2.io/huge/athaliana/SRP072503_GSE79676.zip,True
PRJNA665466,637,SRP285240,,False
PRJNA874053,637,SRP394299,https://dee2.io/huge/athaliana/SRP394299_GSE212121.zip,True
PRJNA662710,631,SRP281951,https://dee2.io/huge/athaliana/SRP281951_GSE157765.zip,True
PRJNA681862,631,SRP295378,https://dee2.io/huge/athaliana/SRP295378_GSE162434.zip,True
PRJNA660479,631,SRP279501,https://dee2.io/huge/athaliana/SRP279501_GSE157230.zip,True
PRJNA947662,631,SRP428801,https://dee2.io/huge/athaliana/SRP428801_GSE228011.zip,True
PRJNA222364,626,SRP030646,https://dee2.io/huge/athaliana/SRP030646_GSE51304.zip,True
PRJNA544694,587,SRP199446,https://dee2.io/huge/athaliana/SRP199446_GSE131756.zip,True
PRJNA808090,583,SRP360394,https://dee2.io/huge/athaliana/SRP360394_GSE196969.zip,True
PRJNA416120,579,SRP122518,https://dee2.io/huge/athaliana/SRP122518_GSE106284.zip,True
PRJNA377549,567,SRP100933,https://dee2.io/huge/athaliana/SRP100933_GSE95574.zip,True
PRJNA167620,566,SRP013427,https://dee2.io/huge/athaliana/SRP013427_GSE38286.zip,True
PRJNA977970,561,SRP440333,https://dee2.io/huge/athaliana/SRP440333_GSE233781.zip,True
PRJNA301684,561,SRP065994,https://dee2.io/huge/athaliana/SRP065994_GSE74856.zip,True
PRJNA1020153,553,SRP462736,https://dee2.io/huge/athaliana/SRP462736_GSE243846.zip,True
PRJNA715469,553,SRP311233,https://dee2.io/huge/athaliana/SRP311233_GSE169171.zip,True
PRJNA277424,553,SRP055902,https://dee2.io/huge/athaliana/SRP055902_GSE66599.zip,True
PRJNA912622,548,SRP413216,https://dee2.io/huge/athaliana/SRP413216_GSE221030.zip,True
PRJNA609342,547,SRP251062,https://dee2.io/huge/athaliana/SRP251062_GSE146125.zip,True
PRJNA640389,539,SRP267870,,False
PRJNA551115,536,SRP212094,,False
PRJNA981637,533,SRP441917,https://dee2.io/huge/athaliana/SRP441917_GSE234530.zip,True
PRJNA476778,532,SRP150864,https://dee2.io/huge/athaliana/SRP150864_GSE116004.zip,True
PRJNA716051,527,SRP311462,https://dee2.io/huge/athaliana/SRP311462_GSE169270.zip,True
PRJNA477359,519,SRP151058,https://dee2.io/huge/athaliana/SRP151058_GSE116135.zip,True
PRJNA641025,519,SRP268265,https://dee2.io/huge/athaliana/SRP268265_GSE152940.zip,True
PRJNA935771,517,SRP423048,,False
PRJNA511620,516,SRP174391,https://dee2.io/huge/athaliana/SRP174391_GSE124328.zip,True
PRJNA717313,515,SRP312223,https://dee2.io/huge/athaliana/SRP312223_GSE169677.zip,True
PRJNA362953,513,SRP097638,https://dee2.io/huge/athaliana/SRP097638_GSE93968.zip,True
PRJNA700573,513,SRP305304,,False
PRJNA716276,512,SRP311646,https://dee2.io/huge/athaliana/SRP311646_GSE169324.zip,True
PRJNA716659,511,SRP311856,https://dee2.io/huge/athaliana/SRP311856_GSE169473.zip,True
PRJNA661316,511,SRP280005,https://dee2.io/huge/athaliana/SRP280005_GSE157443.zip,True
PRJNA970811,511,SRP436704,https://dee2.io/huge/athaliana/SRP436704_GSE232094.zip,True
PRJNA642797,511,SRP269194,https://dee2.io/huge/athaliana/SRP269194_GSE153478.zip,True
PRJNA802649,511,SRP357889,https://dee2.io/huge/athaliana/SRP357889_GSE195912.zip,True
PRJNA818647,511,SRP365283,https://dee2.io/huge/athaliana/SRP365283_GSE199142.zip,True
PRJNA877346,509,SRP395920,https://dee2.io/huge/athaliana/SRP395920_GSE212801.zip,True
PRJNA169667,503,SRP014002,https://dee2.io/huge/athaliana/SRP014002_GSE39045.zip,True
PRJNA382583,503,SRP103817,https://dee2.io/huge/athaliana/SRP103817_GSE97664.zip,True
PRJNA427134,503,SRP127334,,False
PRJNA893217,488,SRP404043,https://dee2.io/huge/athaliana/SRP404043_GSE216360.zip,True
PRJNA811184,476,SRP361833,https://dee2.io/huge/athaliana/SRP361833_GSE197614.zip,True
PRJNA245920,475,SRP041593,https://dee2.io/huge/athaliana/SRP041593_GSE57215.zip,True
PRJNA767415,475,SRP339340,https://dee2.io/huge/athaliana/SRP339340_GSE185033.zip,True
PRJNA445300,475,SRP136269,https://dee2.io/huge/athaliana/SRP136269_GSE112225.zip,True
PRJNA369265,475,SRP098589,,False
PRJEB36508,475,ERP119709,https://dee2.io/huge/athaliana/ERP119709_NA.zip,True
PRJNA725493,475,SRP316571,https://dee2.io/huge/athaliana/SRP316571_GSE173426.zip,True
PRJNA837279,475,SRP374808,https://dee2.io/huge/athaliana/SRP374808_GSE202802.zip,True
PRJNA855120,467,SRP384635,,False
PRJNA320769,462,SRP074436,https://dee2.io/huge/athaliana/SRP074436_GSE81166.zip,True
PRJNA806968,456,SRP359805,https://dee2.io/huge/athaliana/SRP359805_GSE196725.zip,True
PRJNA314105,455,SRP071076,https://dee2.io/huge/athaliana/SRP071076_GSE78836.zip,True
PRJNA934345,455,SRP422296,https://dee2.io/huge/athaliana/SRP422296_GSE225213.zip,True
PRJNA560053,453,SRP218235,https://dee2.io/huge/athaliana/SRP218235_NA.zip,True
PRJNA473317,451,SRP149067,https://dee2.io/huge/athaliana/SRP149067_GSE114950.zip,True
PRJNA213000,443,SRP028132,https://dee2.io/huge/athaliana/SRP028132_GSE49090.zip,True
PRJNA837772,442,SRP375081,https://dee2.io/huge/athaliana/SRP375081_GSE202931.zip,True
PRJNA764922,442,SRP338075,https://dee2.io/huge/athaliana/SRP338075_GSE184528.zip,True
PRJNA406971,441,SRP117360,https://dee2.io/huge/athaliana/SRP117360_GSE103762.zip,True
PRJNA548919,441,SRP201460,https://dee2.io/huge/athaliana/SRP201460_GSE132750.zip,True
PRJNA434094,439,SRP132865,https://dee2.io/huge/athaliana/SRP132865_GSE110605.zip,True
PRJNA756203,436,SRP333294,https://dee2.io/huge/athaliana/SRP333294_GSE182414.zip,True
PRJNA716808,430,SRP311927,https://dee2.io/huge/athaliana/SRP311927_GSE169497.zip,True
PRJNA251351,430,SRP042618,https://dee2.io/huge/athaliana/SRP042618_GSE58138.zip,True
PRJNA831274,427,SRP371881,https://dee2.io/huge/athaliana/SRP371881_GSE201380.zip,True
PRJNA1013559,421,SRP458867,https://dee2.io/huge/athaliana/SRP458867_GSE242479.zip,True
PRJNA429247,416,SRP128550,https://dee2.io/huge/athaliana/SRP128550_GSE108960.zip,True
PRJNA868735,415,SRP391092,,False
PRJNA394661,413,SRP112501,https://dee2.io/huge/athaliana/SRP112501_GSE101488.zip,True
PRJNA433501,413,SRP132472,https://dee2.io/huge/athaliana/SRP132472_GSE110342.zip,True
PRJNA198192,410,SRP021196,https://dee2.io/huge/athaliana/SRP021196_GSE46226.zip,True
PRJNA554145,403,SRP214325,https://dee2.io/huge/athaliana/SRP214325_GSE134177.zip,True
PRJNA263595,403,SRP048829,https://dee2.io/huge/athaliana/SRP048829_GSE62256.zip,True
PRJNA613690,399,SRP253504,https://dee2.io/huge/athaliana/SRP253504_GSE147296.zip,True
PRJNA720907,399,SRP314217,https://dee2.io/huge/athaliana/SRP314217_GSE171778.zip,True
PRJNA595605,398,SRP237550,https://dee2.io/huge/athaliana/SRP237550_GSE142032.zip,True
PRJNA279505,392,SRP056594,https://dee2.io/huge/athaliana/SRP056594_GSE67322.zip,True
PRJNA359478,391,SRP095841,https://dee2.io/huge/athaliana/SRP095841_GSE93024.zip,True
PRJNA942274,391,SRP426253,https://dee2.io/huge/athaliana/SRP426253_GSE226927.zip,True
PRJNA521689,391,SRP188654,https://dee2.io/huge/athaliana/SRP188654_NA.zip,True
PRJNA703036,386,SRP307159,https://dee2.io/huge/athaliana/SRP307159_GSE167129.zip,True
PRJNA721411,382,SRP314501,,False
PRJNA543989,379,SRP199045,https://dee2.io/huge/athaliana/SRP199045_GSE131542.zip,True
PRJNA513852,371,SRP177951,https://dee2.io/huge/athaliana/SRP177951_GSE124812.zip,True
PRJNA384359,371,SRP105272,https://dee2.io/huge/athaliana/SRP105272_GSE98204.zip,True
PRJNA216987,371,SRP029215,,False
PRJNA685167,371,SRP297920,https://dee2.io/huge/athaliana/SRP297920_GSE163190.zip,True
PRJNA300685,371,SRP065557,https://dee2.io/huge/athaliana/SRP065557_GSE74551.zip,True
PRJNA531168,368,SRP191092,https://dee2.io/huge/athaliana/SRP191092_GSE129395.zip,True
PRJNA790929,368,SRP351674,,False
PRJNA514040,367,SRP178122,https://dee2.io/huge/athaliana/SRP178122_GSE124866.zip,True
PRJNA901957,367,SRP408086,https://dee2.io/huge/athaliana/SRP408086_GSE218029.zip,True
PRJNA933126,367,SRP421663,https://dee2.io/huge/athaliana/SRP421663_GSE224926.zip,True
PRJNA842228,367,SRP376989,https://dee2.io/huge/athaliana/SRP376989_GSE204767.zip,True
PRJNA977810,367,SRP440261,https://dee2.io/huge/athaliana/SRP440261_GSE233765.zip,True
PRJNA601526,367,SRP242107,https://dee2.io/huge/athaliana/SRP242107_GSE143760.zip,True
PRJNA594026,367,SRP234996,https://dee2.io/huge/athaliana/SRP234996_GSE141597.zip,True
PRJNA688924,367,SRP299921,https://dee2.io/huge/athaliana/SRP299921_GSE164122.zip,True
PRJNA491484,367,SRP161929,https://dee2.io/huge/athaliana/SRP161929_GSE120068.zip,True
PRJNA624317,367,SRP255966,https://dee2.io/huge/athaliana/SRP255966_GSE148457.zip,True
PRJNA1025000,365,SRP464952,,False
PRJNA437500,364,SRP134213,https://dee2.io/huge/athaliana/SRP134213_GSE111609.zip,True
PRJNA792341,362,SRP352479,https://dee2.io/huge/athaliana/SRP352479_GSE192606.zip,True
PRJNA427432,359,SRP127502,https://dee2.io/huge/athaliana/SRP127502_GSE108487.zip,True
PRJNA554610,358,SRP214607,https://dee2.io/huge/athaliana/SRP214607_GSE134271.zip,True
PRJNA751488,355,SRP330827,https://dee2.io/huge/athaliana/SRP330827_GSE181292.zip,True
PRJNA312219,352,SRP070187,,False
PRJNA723009,349,SRP315390,https://dee2.io/huge/athaliana/SRP315390_GSE172353.zip,True
PRJNA681186,347,SRP294483,https://dee2.io/huge/athaliana/SRP294483_GSE162241.zip,True
PRJNA609240,345,SRP251005,,False
PRJNA435737,345,SRP133385,https://dee2.io/huge/athaliana/SRP133385_GSE111062.zip,True
PRJNA752148,344,SRP331164,https://dee2.io/huge/athaliana/SRP331164_GSE181484.zip,True
PRJNA746250,344,SRP328160,https://dee2.io/huge/athaliana/SRP328160_GSE180004.zip,True
PRJNA951436,343,SRP430513,https://dee2.io/huge/athaliana/SRP430513_GSE228764.zip,True
PRJNA765962,343,SRP338573,https://dee2.io/huge/athaliana/SRP338573_GSE184730.zip,True
PRJNA902769,343,SRP408456,,False
PRJNA723054,343,SRP315418,https://dee2.io/huge/athaliana/SRP315418_GSE172377.zip,True
PRJNA736396,343,SRP323376,,False
PRJNA916502,343,SRP415054,https://dee2.io/huge/athaliana/SRP415054_GSE221857.zip,True
PRJNA833078,343,SRP372716,https://dee2.io/huge/athaliana/SRP372716_GSE201804.zip,True
PRJNA847965,343,SRP379557,https://dee2.io/huge/athaliana/SRP379557_GSE205861.zip,True
PRJNA681183,343,SRP294481,https://dee2.io/huge/athaliana/SRP294481_GSE162242.zip,True
PRJNA629545,343,SRP259350,https://dee2.io/huge/athaliana/SRP259350_GSE149654.zip,True
PRJEB20931,332,ERP023139,,False
PRJNA279272,331,SRP056488,,False
PRJNA449619,331,SRP139506,https://dee2.io/huge/athaliana/SRP139506_GSE112960.zip,True
PRJNA522058,330,SRP185774,https://dee2.io/huge/athaliana/SRP185774_GSE126482.zip,True
PRJNA702173,330,SRP306737,,False
PRJNA975601,328,SRP439248,,False
PRJNA351870,322,SRP092349,,False
PRJNA529715,322,SRP189805,https://dee2.io/huge/athaliana/SRP189805_GSE129016.zip,True
PRJNA373836,320,SRP099107,,False
PRJNA753100,320,SRP331699,https://dee2.io/huge/athaliana/SRP331699_GSE181721.zip,True
PRJNA563055,320,SRP219922,https://dee2.io/huge/athaliana/SRP219922_GSE136680.zip,True
PRJNA717244,320,SRP312149,https://dee2.io/huge/athaliana/SRP312149_GSE169629.zip,True
PRJNA730562,320,SRP320161,https://dee2.io/huge/athaliana/SRP320161_GSE174573.zip,True
PRJNA415950,319,SRP121654,https://dee2.io/huge/athaliana/SRP121654_GSE106223.zip,True
PRJNA671859,319,SRP288586,https://dee2.io/huge/athaliana/SRP288586_GSE160106.zip,True
PRJNA646744,319,SRP272284,https://dee2.io/huge/athaliana/SRP272284_GSE154593.zip,True
PRJNA858805,319,SRP386435,https://dee2.io/huge/athaliana/SRP386435_GSE208223.zip,True
PRJNA667059,319,SRP286187,https://dee2.io/huge/athaliana/SRP286187_GSE158939.zip,True
PRJNA274887,319,SRP053347,https://dee2.io/huge/athaliana/SRP053347_GSE65740.zip,True
PRJNA1118315,319,SRP510880,,False
PRJNA271131,319,SRP051531,https://dee2.io/huge/athaliana/SRP051531_GSE64501.zip,True
PRJNA302602,315,SRP066358,https://dee2.io/huge/athaliana/SRP066358_GSE75071.zip,True
PRJNA827180,313,SRP370523,https://dee2.io/huge/athaliana/SRP370523_GSE200917.zip,True
PRJNA428240,313,SRP127815,,False
PRJNA844303,307,SRP377972,https://dee2.io/huge/athaliana/SRP377972_GSE205271.zip,True
PRJNA1079711,307,SRP491353,https://dee2.io/huge/athaliana/SRP491353_GSE256453.zip,True
PRJNA282742,307,SRP057846,https://dee2.io/huge/athaliana/SRP057846_GSE68444.zip,True
PRJNA231710,307,SRP034154,https://dee2.io/huge/athaliana/SRP034154_GSE53322.zip,True
PRJNA811774,306,SRP362135,,False
PRJNA485633,304,SRP157330,https://dee2.io/huge/athaliana/SRP157330_GSE118427.zip,True
PRJNA543995,301,SRP199048,https://dee2.io/huge/athaliana/SRP199048_GSE131545.zip,True
PRJNA481969,301,SRP154459,,False
PRJEB39363,298,ERP122873,,False
PRJNA779531,295,SRP345540,https://dee2.io/huge/athaliana/SRP345540_GSE188596.zip,True
PRJNA323943,295,SRP075927,https://dee2.io/huge/athaliana/SRP075927_GSE82086.zip,True
PRJNA945828,295,SRP427827,,False
PRJNA490087,294,SRP160880,https://dee2.io/huge/athaliana/SRP160880_GSE119706.zip,True
PRJNA645828,293,SRP271551,https://dee2.io/huge/athaliana/SRP271551_GSE154302.zip,True
PRJNA384185,293,SRP105182,,False
PRJNA888981,293,SRP401789,https://dee2.io/huge/athaliana/SRP401789_GSE215135.zip,True
PRJNA546251,290,SRP200395,https://dee2.io/huge/athaliana/SRP200395_GSE132169.zip,True
PRJNA390146,289,SRP109012,https://dee2.io/huge/athaliana/SRP109012_GSE99936.zip,True
PRJNA474441,287,SRP149670,https://dee2.io/huge/athaliana/SRP149670_GSE115272.zip,True
PRJNA326659,287,SRP076998,https://dee2.io/huge/athaliana/SRP076998_GSE83646.zip,True
PRJNA722743,287,SRP315222,https://dee2.io/huge/athaliana/SRP315222_GSE172278.zip,True
PRJNA593500,287,SRP234703,https://dee2.io/huge/athaliana/SRP234703_GSE141442.zip,True
PRJNA981151,287,SRP441643,https://dee2.io/huge/athaliana/SRP441643_GSE234377.zip,True
PRJNA369824,285,SRP098817,,False
PRJNA484219,285,SRP156229,,False
PRJNA595951,283,SRP237791,https://dee2.io/huge/athaliana/SRP237791_GSE142128.zip,True
PRJNA692443,283,SRP301936,,False
PRJNA388445,281,SRP108277,https://dee2.io/huge/athaliana/SRP108277_NA.zip,True
PRJNA684322,281,SRP297574,https://dee2.io/huge/athaliana/SRP297574_GSE163006.zip,True
PRJNA484637,280,SRP156399,,False
PRJNA587704,280,SRP228588,,False
PRJNA649293,278,SRP274014,,False
PRJNA811122,277,SRP361795,https://dee2.io/huge/athaliana/SRP361795_GSE197581.zip,True
PRJNA807632,277,SRP360141,https://dee2.io/huge/athaliana/SRP360141_GSE196869.zip,True
PRJNA1035518,277,SRP470122,,False
PRJNA395664,277,SRP113516,https://dee2.io/huge/athaliana/SRP113516_GSE101839.zip,True
PRJNA846305,273,SRP378694,https://dee2.io/huge/athaliana/SRP378694_GSE205545.zip,True
PRJNA414399,273,SRP120000,,False
PRJNA707060,271,SRP309511,https://dee2.io/huge/athaliana/SRP309511_GSE168382.zip,True
PRJNA449910,264,SRP139782,,False
PRJNA832333,264,SRP372383,https://dee2.io/huge/athaliana/SRP372383_GSE201629.zip,True
PRJNA326408,264,SRP076861,https://dee2.io/huge/athaliana/SRP076861_GSE83574.zip,True
PRJNA308080,263,SRP068145,https://dee2.io/huge/athaliana/SRP068145_GSE76577.zip,True
PRJNA490893,262,SRP161785,https://dee2.io/huge/athaliana/SRP161785_GSE119986.zip,True
PRJNA287644,262,SRP059744,https://dee2.io/huge/athaliana/SRP059744_GSE70100.zip,True
PRJNA288783,261,SRP060240,,False
PRJNA323732,260,SRP075884,https://dee2.io/huge/athaliana/SRP075884_GSE82039.zip,True
PRJNA782298,260,SRP347084,,False
PRJNA933625,259,SRP421875,https://dee2.io/huge/athaliana/SRP421875_GSE225062.zip,True
PRJNA421355,259,SRP126290,https://dee2.io/huge/athaliana/SRP126290_GSE107778.zip,True
PRJNA511473,259,SRP174236,https://dee2.io/huge/athaliana/SRP174236_GSE124290.zip,True
PRJNA591466,259,SRP233165,https://dee2.io/huge/athaliana/SRP233165_GSE140918.zip,True
PRJNA471243,259,SRP145580,https://dee2.io/huge/athaliana/SRP145580_GSE114379.zip,True
PRJNA608657,259,SRP250665,https://dee2.io/huge/athaliana/SRP250665_GSE145884.zip,True
PRJNA762245,259,SRP336673,https://dee2.io/huge/athaliana/SRP336673_GSE183867.zip,True
PRJNA601157,259,SRP241907,https://dee2.io/huge/athaliana/SRP241907_GSE143635.zip,True
PRJNA609667,259,SRP251246,https://dee2.io/huge/athaliana/SRP251246_GSE146189.zip,True
PRJNA544565,257,SRP199385,https://dee2.io/huge/athaliana/SRP199385_GSE131733.zip,True
PRJNA978596,257,SRP440722,https://dee2.io/huge/athaliana/SRP440722_GSE233927.zip,True
PRJNA412106,254,SRP118853,,False
PRJNA597767,254,SRP238841,,False
PRJNA294703,253,SRP063314,https://dee2.io/huge/athaliana/SRP063314_GSE72706.zip,True
PRJNA890279,253,SRP402463,,False
PRJNA561790,250,SRP219435,https://dee2.io/huge/athaliana/SRP219435_GSE136268.zip,True
PRJNA379964,248,SRP102243,,False
PRJNA531668,248,SRP191553,,False
PRJNA532611,247,SRP192391,https://dee2.io/huge/athaliana/SRP192391_GSE129736.zip,True
PRJNA151239,247,SRP010063,,False
PRJNA1045678,247,SRP474470,https://dee2.io/huge/athaliana/SRP474470_GSE248735.zip,True
PRJNA736042,247,SRP323231,https://dee2.io/huge/athaliana/SRP323231_GSE176378.zip,True
PRJNA237959,247,SRP037581,,False
PRJNA524935,247,SRP187156,https://dee2.io/huge/athaliana/SRP187156_GSE127574.zip,True
PRJNA445392,247,SRP136326,https://dee2.io/huge/athaliana/SRP136326_GSE112254.zip,True
PRJNA858665,245,SRP386399,https://dee2.io/huge/athaliana/SRP386399_GSE208176.zip,True
PRJNA548174,244,SRP200994,https://dee2.io/huge/athaliana/SRP200994_GSE132485.zip,True
PRJNA899438,243,SRP406814,https://dee2.io/huge/athaliana/SRP406814_GSE217513.zip,True
PRJNA640823,242,SRP268150,https://dee2.io/huge/athaliana/SRP268150_GSE152909.zip,True
PRJNA714877,241,SRP310860,https://dee2.io/huge/athaliana/SRP310860_GSE168993.zip,True
PRJNA860564,241,SRP387278,https://dee2.io/huge/athaliana/SRP387278_GSE208657.zip,True
PRJNA251597,241,SRP042942,,False
PRJNA738168,241,SRP324166,https://dee2.io/huge/athaliana/SRP324166_GSE178268.zip,True
PRJNA940452,241,SRP425357,,False
PRJNA667267,241,SRP286312,https://dee2.io/huge/athaliana/SRP286312_GSE158992.zip,True
PRJNA822388,241,SRP366979,https://dee2.io/huge/athaliana/SRP366979_GSE199977.zip,True
PRJNA494693,239,SRP163443,https://dee2.io/huge/athaliana/SRP163443_GSE120840.zip,True
PRJNA369530,239,SRP098693,https://dee2.io/huge/athaliana/SRP098693_GSE94377.zip,True
PRJNA316982,238,SRP072685,,False
PRJEB22967,238,ERP104697,https://dee2.io/huge/athaliana/ERP104697_NA.zip,True
PRJNA762916,237,SRP336880,https://dee2.io/huge/athaliana/SRP336880_GSE184056.zip,True
PRJNA639731,233,SRP267488,,False
PRJNA726555,232,SRP318031,,False
PRJNA438316,232,SRP135688,,False
PRJNA339000,232,SRP082176,,False
PRJNA429185,231,SRP128509,,False
PRJNA860957,231,SRP387808,https://dee2.io/huge/athaliana/SRP387808_GSE208755.zip,True
PRJNA620359,231,SRP254767,https://dee2.io/huge/athaliana/SRP254767_GSE147812.zip,True
PRJNA642871,231,SRP269252,https://dee2.io/huge/athaliana/SRP269252_GSE153510.zip,True
PRJNA913107,231,SRP413428,https://dee2.io/huge/athaliana/SRP413428_GSE221143.zip,True
PRJNA799378,231,SRP356192,https://dee2.io/huge/athaliana/SRP356192_GSE194186.zip,True
PRJEB2457,228,"ERP000565;ERP000565",,False
PRJNA412889,223,SRP119267,https://dee2.io/huge/athaliana/SRP119267_GSE104518.zip,True
PRJNA495850,223,SRP165229,https://dee2.io/huge/athaliana/SRP165229_GSE121150.zip,True
PRJNA867337,223,SRP390531,https://dee2.io/huge/athaliana/SRP390531_GSE210734.zip,True
PRJNA909785,223,SRP411860,https://dee2.io/huge/athaliana/SRP411860_GSE220449.zip,True
PRJNA719729,223,SRP313445,https://dee2.io/huge/athaliana/SRP313445_GSE171459.zip,True
PRJNA806662,223,SRP359646,https://dee2.io/huge/athaliana/SRP359646_GSE196648.zip,True
PRJNA809747,223,SRP361197,https://dee2.io/huge/athaliana/SRP361197_GSE197325.zip,True
PRJEB58839,220,ERP143913,,False
PRJNA369751,218,SRP098793,,False
PRJNA433852,217,SRP132710,https://dee2.io/huge/athaliana/SRP132710_GSE110488.zip,True
PRJNA529202,217,SRP189482,https://dee2.io/huge/athaliana/SRP189482_GSE128877.zip,True
PRJNA1055983,216,SRP479745,https://dee2.io/huge/athaliana/SRP479745_GSE250331.zip,True
PRJNA507972,215,SRP172049,https://dee2.io/huge/athaliana/SRP172049_GSE123258.zip,True
PRJNA884701,215,SRP399863,https://dee2.io/huge/athaliana/SRP399863_GSE214280.zip,True
PRJNA540255,215,SRP194124,https://dee2.io/huge/athaliana/SRP194124_GSE130431.zip,True
PRJNA722928,214,SRP315323,https://dee2.io/huge/athaliana/SRP315323_GSE172314.zip,True
PRJNA525452,213,SRP187477,https://dee2.io/huge/athaliana/SRP187477_GSE127819.zip,True
PRJNA906465,212,SRP410391,https://dee2.io/huge/athaliana/SRP410391_GSE218961.zip,True
PRJNA525432,211,SRP187455,https://dee2.io/huge/athaliana/SRP187455_GSE127805.zip,True
PRJNA890568,211,SRP402633,https://dee2.io/huge/athaliana/SRP402633_GSE215755.zip,True
PRJNA658907,211,SRP278587,https://dee2.io/huge/athaliana/SRP278587_GSE156726.zip,True
PRJNA122227,210,SRP001589,https://dee2.io/huge/athaliana/SRP001589_GSE19694.zip,True
PRJNA493255,207,SRP162679,https://dee2.io/huge/athaliana/SRP162679_GSE120519.zip,True
PRJNA338073,204,SRP081052,,False
PRJNA314484,203,SRP071212,https://dee2.io/huge/athaliana/SRP071212_GSE78946.zip,True
PRJNA542790,203,SRP198341,https://dee2.io/huge/athaliana/SRP198341_GSE131156.zip,True
PRJNA391955,203,SRP110536,,False
PRJNA736615,203,SRP323534,,False
PRJNA875132,203,SRP394932,https://dee2.io/huge/athaliana/SRP394932_GSE212364.zip,True
PRJNA308073,202,SRP068137,,False
PRJNA788534,202,SRP350800,https://dee2.io/huge/athaliana/SRP350800_GSE190831.zip,True
PRJNA318516,202,SRP073326,https://dee2.io/huge/athaliana/SRP073326_GSE80300.zip,True
PRJNA978578,202,SRP440710,,False
PRJNA875917,200,SRP399524,,False
PRJNA780919,200,SRP346400,,False
PRJNA169134,199,SRP013873,https://dee2.io/huge/athaliana/SRP013873_GSE38879.zip,True
PRJNA1013049,199,SRP458621,https://dee2.io/huge/athaliana/SRP458621_GSE242292.zip,True
PRJNA1031962,199,SRP468279,https://dee2.io/huge/athaliana/SRP468279_GSE246173.zip,True
PRJNA317322,197,SRP072879,https://dee2.io/huge/athaliana/SRP072879_GSE79881.zip,True
PRJNA472997,195,SRP148906,https://dee2.io/huge/athaliana/SRP148906_GSE114898.zip,True
PRJNA170665,195,SRP014189,,False
PRJNA388398,193,SRP108255,https://dee2.io/huge/athaliana/SRP108255_GSE99406.zip,True
PRJNA230117,192,SRP033370,,False
PRJNA594413,188,SRP235374,https://dee2.io/huge/athaliana/SRP235374_GSE141703.zip,True
PRJNA472051,187,SRP148438,https://dee2.io/huge/athaliana/SRP148438_GSE114645.zip,True
PRJNA380344,187,SRP102435,,False
PRJNA336549,187,SRP080945,,False
PRJNA315864,187,SRP072125,,False
PRJNA724737,187,SRP316120,https://dee2.io/huge/athaliana/SRP316120_GSE173239.zip,True
PRJNA675765,187,SRP291935,https://dee2.io/huge/athaliana/SRP291935_GSE161152.zip,True
PRJNA903179,187,SRP408638,https://dee2.io/huge/athaliana/SRP408638_GSE218342.zip,True
PRJNA953419,187,SRP431509,https://dee2.io/huge/athaliana/SRP431509_GSE229217.zip,True
PRJNA317722,187,SRP073021,https://dee2.io/huge/athaliana/SRP073021_GSE80056.zip,True
PRJNA941921,187,SRP426021,https://dee2.io/huge/athaliana/SRP426021_GSE226876.zip,True
PRJNA601525,187,SRP242108,https://dee2.io/huge/athaliana/SRP242108_GSE143762.zip,True
PRJNA912137,187,SRP413007,,False
PRJNA638261,187,SRP266555,https://dee2.io/huge/athaliana/SRP266555_GSE152072.zip,True
PRJNA294786,187,SRP063352,,False
PRJNA477336,187,SRP151039,https://dee2.io/huge/athaliana/SRP151039_GSE116123.zip,True
PRJNA384979,187,SRP105773,https://dee2.io/huge/athaliana/SRP105773_GSE98389.zip,True
PRJNA1107978,187,SRP505788,https://dee2.io/huge/athaliana/SRP505788_GSE266624.zip,True
PRJNA525282,187,SRP187356,,False
PRJNA318748,186,SRP073430,,False
PRJNA998749,183,SRP451592,https://dee2.io/huge/athaliana/SRP451592_GSE239281.zip,True
PRJEB47885,182,ERP132204,https://dee2.io/huge/athaliana/ERP132204_NA.zip,True
PRJNA843782,182,SRP377671,,False
PRJNA791363,177,SRP351965,,False
PRJNA839338,176,SRP375869,,False
PRJNA336060,176,SRP080772,https://dee2.io/huge/athaliana/SRP080772_GSE85069.zip,True
PRJNA472080,176,SRP148468,,False
PRJNA632508,176,SRP261411,https://dee2.io/huge/athaliana/SRP261411_GSE150471.zip,True
PRJNA647212,176,SRP272493,,False
PRJNA276444,176,SRP055503,https://dee2.io/huge/athaliana/SRP055503_GSE66290.zip,True
PRJNA232493,176,SRP034702,,False
PRJNA989599,176,SRP446819,https://dee2.io/huge/athaliana/SRP446819_GSE236267.zip,True
PRJNA641352,176,SRP268461,,False
PRJNA982119,175,SRP442316,https://dee2.io/huge/athaliana/SRP442316_GSE234606.zip,True
PRJNA481007,175,SRP153372,https://dee2.io/huge/athaliana/SRP153372_GSE117077.zip,True
PRJNA380922,175,SRP102698,https://dee2.io/huge/athaliana/SRP102698_GSE97186.zip,True
PRJNA238653,175,SRP038129,https://dee2.io/huge/athaliana/SRP038129_GSE55151.zip,True
PRJNA705455,175,SRP308553,https://dee2.io/huge/athaliana/SRP308553_GSE167879.zip,True
PRJNA358157,175,SRP095390,https://dee2.io/huge/athaliana/SRP095390_GSE92611.zip,True
PRJNA648424,175,SRP273472,https://dee2.io/huge/athaliana/SRP273472_GSE155105.zip,True
PRJNA528416,175,SRP189046,https://dee2.io/huge/athaliana/SRP189046_GSE128655.zip,True
PRJNA331045,175,SRP079522,https://dee2.io/huge/athaliana/SRP079522_GSE84753.zip,True
PRJNA607059,175,SRP249704,,False
PRJNA804535,175,SRP358942,https://dee2.io/huge/athaliana/SRP358942_GSE196370.zip,True
PRJNA803178,175,SRP358094,https://dee2.io/huge/athaliana/SRP358094_GSE196053.zip,True
PRJNA314692,175,SRP071310,https://dee2.io/huge/athaliana/SRP071310_GSE79012.zip,True
PRJNA421364,175,SRP126292,https://dee2.io/huge/athaliana/SRP126292_GSE107786.zip,True
PRJNA1118747,175,SRP511048,,False
PRJNA290078,175,SRP061231,https://dee2.io/huge/athaliana/SRP061231_GSE71002.zip,True
PRJNA295091,175,SRP063471,https://dee2.io/huge/athaliana/SRP063471_GSE72806.zip,True
PRJNA744433,175,SRP327331,https://dee2.io/huge/athaliana/SRP327331_GSE179635.zip,True
PRJNA925827,175,SRP418417,https://dee2.io/huge/athaliana/SRP418417_GSE223330.zip,True
PRJNA302003,175,SRP066116,https://dee2.io/huge/athaliana/SRP066116_GSE74955.zip,True
PRJNA527732,174,SRP188687,https://dee2.io/huge/athaliana/SRP188687_GSE128434.zip,True
PRJNA433874,173,SRP132727,https://dee2.io/huge/athaliana/SRP132727_GSE110500.zip,True
PRJNA708256,173,SRP309953,,False
PRJNA744559,172,SRP327413,https://dee2.io/huge/athaliana/SRP327413_GSE179697.zip,True
PRJNA1019271,172,SRP461945,https://dee2.io/huge/athaliana/SRP461945_GSE243624.zip,True
PRJNA453570,169,SRP142625,https://dee2.io/huge/athaliana/SRP142625_GSE113677.zip,True
PRJNA1036575,167,SRP470539,https://dee2.io/huge/athaliana/SRP470539_GSE247174.zip,True
PRJNA269310,165,SRP050570,https://dee2.io/huge/athaliana/SRP050570_GSE63879.zip,True
PRJNA270874,165,SRP051392,,False
PRJNA170237,164,SRP014178,https://dee2.io/huge/athaliana/SRP014178_GSE39214.zip,True
PRJNA433497,164,SRP132470,,False
PRJNA357201,164,SRP095010,https://dee2.io/huge/athaliana/SRP095010_GSE92314.zip,True
PRJNA389309,164,SRP108633,,False
PRJNA388207,163,SRP108133,https://dee2.io/huge/athaliana/SRP108133_GSE99367.zip,True
PRJNA553702,163,SRP214076,https://dee2.io/huge/athaliana/SRP214076_GSE134079.zip,True
PRJNA341576,163,SRP084243,https://dee2.io/huge/athaliana/SRP084243_GSE86380.zip,True
PRJNA385496,163,SRP106473,https://dee2.io/huge/athaliana/SRP106473_GSE98553.zip,True
PRJNA419538,163,SRP125498,https://dee2.io/huge/athaliana/SRP125498_GSE107276.zip,True
PRJNA556865,163,SRP216517,https://dee2.io/huge/athaliana/SRP216517_GSE134945.zip,True
PRJNA558807,163,SRP218253,https://dee2.io/huge/athaliana/SRP218253_GSE135422.zip,True
PRJNA604023,163,SRP246179,https://dee2.io/huge/athaliana/SRP246179_GSE144560.zip,True
PRJNA608263,163,SRP250465,https://dee2.io/huge/athaliana/SRP250465_GSE145795.zip,True
PRJNA311178,163,SRP069764,https://dee2.io/huge/athaliana/SRP069764_GSE77672.zip,True
PRJNA342005,163,SRP086708,https://dee2.io/huge/athaliana/SRP086708_GSE86471.zip,True
PRJNA766686,163,SRP338944,https://dee2.io/huge/athaliana/SRP338944_GSE184872.zip,True
PRJNA744409,163,SRP327317,https://dee2.io/huge/athaliana/SRP327317_GSE179628.zip,True
PRJNA511129,163,SRP174146,https://dee2.io/huge/athaliana/SRP174146_GSE124235.zip,True
PRJNA320883,163,SRP074486,https://dee2.io/huge/athaliana/SRP074486_GSE81205.zip,True
PRJNA399521,163,SRP115958,https://dee2.io/huge/athaliana/SRP115958_GSE102950.zip,True
PRJNA487079,163,SRP158529,,False
PRJNA566098,163,SRP222257,https://dee2.io/huge/athaliana/SRP222257_GSE137625.zip,True
PRJNA259631,163,SRP045820,https://dee2.io/huge/athaliana/SRP045820_GSE60826.zip,True
PRJNA757244,163,SRP333850,https://dee2.io/huge/athaliana/SRP333850_GSE182639.zip,True
PRJNA260855,163,SRP047055,https://dee2.io/huge/athaliana/SRP047055_GSE61362.zip,True
PRJNA787244,163,SRP349824,https://dee2.io/huge/athaliana/SRP349824_GSE190467.zip,True
PRJNA933934,163,SRP422064,https://dee2.io/huge/athaliana/SRP422064_GSE225107.zip,True
PRJNA649267,161,SRP273996,,False
PRJNA625345,161,SRP256398,https://dee2.io/huge/athaliana/SRP256398_GSE148670.zip,True
PRJNA451508,161,SRP142348,https://dee2.io/huge/athaliana/SRP142348_GSE113557.zip,True
PRJNA1036537,160,SRP470537,https://dee2.io/huge/athaliana/SRP470537_GSE247158.zip,True
PRJNA285810,160,SRP059041,,False
PRJNA926355,159,SRP418630,,False
PRJNA949668,158,SRP429792,https://dee2.io/huge/athaliana/SRP429792_GSE228426.zip,True
PRJNA737797,157,SRP324131,https://dee2.io/huge/athaliana/SRP324131_GSE178241.zip,True
PRJNA432917,157,SRP132174,https://dee2.io/huge/athaliana/SRP132174_GSE110125.zip,True
PRJNA749760,157,SRP329913,https://dee2.io/huge/athaliana/SRP329913_GSE180839.zip,True
PRJNA853318,157,SRP383790,,False
PRJNA321470,157,SRP074999,https://dee2.io/huge/athaliana/SRP074999_GSE81401.zip,True
PRJNA943236,155,SRP426622,,False
PRJNA844351,152,SRP378006,https://dee2.io/huge/athaliana/SRP378006_GSE205296.zip,True
PRJNA1075043,152,SRP489101,https://dee2.io/huge/athaliana/SRP489101_GSE255443.zip,True
PRJNA1001037,152,SRP452634,https://dee2.io/huge/athaliana/SRP452634_GSE239833.zip,True
PRJNA933653,152,SRP421887,https://dee2.io/huge/athaliana/SRP421887_GSE225072.zip,True
PRJNA564278,151,SRP220660,https://dee2.io/huge/athaliana/SRP220660_GSE137009.zip,True
PRJNA389285,151,SRP108611,https://dee2.io/huge/athaliana/SRP108611_GSE99677.zip,True
PRJNA577206,151,SRP226805,,False
PRJNA288172,151,SRP059890,https://dee2.io/huge/athaliana/SRP059890_GSE70290.zip,True
PRJNA565696,151,SRP221724,,False
PRJNA867717,151,SRP390739,https://dee2.io/huge/athaliana/SRP390739_GSE210860.zip,True
PRJNA1062790,151,SRP482746,https://dee2.io/huge/athaliana/SRP482746_GSE252832.zip,True
PRJNA813592,151,SRP362933,https://dee2.io/huge/athaliana/SRP362933_GSE198092.zip,True
PRJNA1037151,151,SRP470906,https://dee2.io/huge/athaliana/SRP470906_GSE247357.zip,True
PRJNA788402,151,SRP350493,,False
PRJNA954814,151,SRP432248,https://dee2.io/huge/athaliana/SRP432248_GSE229511.zip,True
PRJNA487051,151,SRP158513,https://dee2.io/huge/athaliana/SRP158513_GSE118854.zip,True
PRJNA881599,150,SRP397806,https://dee2.io/huge/athaliana/SRP397806_GSE213583.zip,True
PRJNA349052,150,SRP091720,,False
PRJNA880805,149,SRP397557,https://dee2.io/huge/athaliana/SRP397557_GSE213405.zip,True
PRJNA352201,149,SRP092447,https://dee2.io/huge/athaliana/SRP092447_GSE89433.zip,True
PRJNA649438,148,SRP274096,,False
PRJNA602727,148,SRP244078,https://dee2.io/huge/athaliana/SRP244078_GSE144091.zip,True
PRJNA352683,148,SRP092754,,False
PRJNA562704,147,SRP219510,,False
PRJNA399864,147,SRP116095,https://dee2.io/huge/athaliana/SRP116095_GSE103041.zip,True
PRJNA360334,146,SRP096152,,False
PRJNA919077,143,SRP416223,https://dee2.io/huge/athaliana/SRP416223_GSE222356.zip,True
PRJNA592361,143,SRP233666,,False
PRJNA879695,142,SRP396754,https://dee2.io/huge/athaliana/SRP396754_GSE213185.zip,True
PRJNA679226,142,SRP293071,https://dee2.io/huge/athaliana/SRP293071_GSE161704.zip,True
PRJNA701753,142,SRP306303,https://dee2.io/huge/athaliana/SRP306303_GSE166728.zip,True
PRJNA632653,141,SRP261520,,False
PRJNA167967,140,SRP013533,https://dee2.io/huge/athaliana/SRP013533_GSE38400.zip,True
PRJNA796611,139,SRP354761,https://dee2.io/huge/athaliana/SRP354761_GSE193570.zip,True
PRJNA967286,138,SRP435965,,False
PRJNA218537,138,SRP029707,,False
PRJNA630754,137,SRP260311,https://dee2.io/huge/athaliana/SRP260311_GSE149995.zip,True
PRJNA294094,137,SRP062911,https://dee2.io/huge/athaliana/SRP062911_GSE72461.zip,True
PRJNA486344,137,SRP158137,https://dee2.io/huge/athaliana/SRP158137_GSE118651.zip,True
PRJNA526668,136,SRP188198,,False
PRJNA925510,135,SRP418301,https://dee2.io/huge/athaliana/SRP418301_GSE223278.zip,True
PRJNA806646,135,SRP359627,https://dee2.io/huge/athaliana/SRP359627_GSE196636.zip,True
PRJNA655254,135,SRP275850,https://dee2.io/huge/athaliana/SRP275850_GSE155710.zip,True
PRJNA479861,133,SRP152313,https://dee2.io/huge/athaliana/SRP152313_GSE116681.zip,True
PRJNA448672,133,SRP137051,https://dee2.io/huge/athaliana/SRP137051_GSE112662.zip,True
PRJNA259680,133,SRP045843,https://dee2.io/huge/athaliana/SRP045843_GSE60865.zip,True
PRJNA750922,133,SRP330536,https://dee2.io/huge/athaliana/SRP330536_GSE181167.zip,True
PRJNA254505,131,SRP044116,https://dee2.io/huge/athaliana/SRP044116_GSE59154.zip,True
PRJNA639789,131,SRP267518,,False
PRJNA351855,130,SRP092341,,False
PRJNA317179,127,SRP072774,https://dee2.io/huge/athaliana/SRP072774_GSE79839.zip,True
PRJNA344695,127,SRP090526,https://dee2.io/huge/athaliana/SRP090526_GSE87415.zip,True
PRJNA736856,127,SRP323708,https://dee2.io/huge/athaliana/SRP323708_GSE177028.zip,True
PRJNA395465,127,SRP113410,https://dee2.io/huge/athaliana/SRP113410_GSE101782.zip,True
PRJNA716169,127,SRP311577,https://dee2.io/huge/athaliana/SRP311577_GSE169284.zip,True
PRJNA270886,125,SRP051400,,False
PRJNA861304,125,SRP387625,https://dee2.io/huge/athaliana/SRP387625_GSE209594.zip,True
PRJNA616378,124,SRP254665,https://dee2.io/huge/athaliana/SRP254665_GSE147793.zip,True
PRJNA479446,124,SRP151891,https://dee2.io/huge/athaliana/SRP151891_GSE116582.zip,True
PRJNA485348,124,SRP156937,https://dee2.io/huge/athaliana/SRP156937_GSE118371.zip,True
PRJNA776278,124,SRP343767,https://dee2.io/huge/athaliana/SRP343767_GSE186842.zip,True
PRJEB35753,122,ERP118861,https://dee2.io/huge/athaliana/ERP118861_NA.zip,True
PRJNA555390,122,SRP215328,https://dee2.io/huge/athaliana/SRP215328_GSE134516.zip,True
PRJNA389675,122,SRP108830,https://dee2.io/huge/athaliana/SRP108830_GSE99805.zip,True
PRJNA1014466,120,SRP459352,,False
PRJNA772975,120,SRP342274,https://dee2.io/huge/athaliana/SRP342274_GSE186212.zip,True
PRJNA524194,119,SRP186822,https://dee2.io/huge/athaliana/SRP186822_GSE127146.zip,True
PRJNA480717,119,SRP153116,,False
PRJNA988452,119,SRP446296,https://dee2.io/huge/athaliana/SRP446296_GSE236025.zip,True
PRJNA613456,119,SRP253340,https://dee2.io/huge/athaliana/SRP253340_GSE147225.zip,True
PRJNA764192,119,SRP337613,,False
PRJNA362994,119,SRP097657,https://dee2.io/huge/athaliana/SRP097657_GSE93979.zip,True
PRJNA638540,119,SRP266735,https://dee2.io/huge/athaliana/SRP266735_GSE152166.zip,True
PRJNA342301,119,SRP087624,https://dee2.io/huge/athaliana/SRP087624_GSE86581.zip,True
PRJNA188503,119,SRP018404,https://dee2.io/huge/athaliana/SRP018404_GSE44062.zip,True
PRJNA235219,119,SRP035440,https://dee2.io/huge/athaliana/SRP035440_GSE54125.zip,True
PRJNA638678,119,SRP266840,,False
PRJNA322671,119,SRP075658,https://dee2.io/huge/athaliana/SRP075658_GSE81837.zip,True
PRJNA795495,118,SRP354000,https://dee2.io/huge/athaliana/SRP354000_GSE193252.zip,True
PRJNA1053328,117,SRP478327,https://dee2.io/huge/athaliana/SRP478327_GSE250299.zip,True
PRJNA407986,117,SRP118154,https://dee2.io/huge/athaliana/SRP118154_GSE104028.zip,True
PRJNA205864,116,SRP023272,,False
PRJNA485134,115,SRP156748,https://dee2.io/huge/athaliana/SRP156748_GSE118298.zip,True
PRJNA262970,115,SRP048616,https://dee2.io/huge/athaliana/SRP048616_GSE62024.zip,True
PRJNA151589,115,SRP010481,https://dee2.io/huge/athaliana/SRP010481_GSE35288.zip,True
PRJNA903916,115,SRP409012,,False
PRJNA523248,115,SRP186316,https://dee2.io/huge/athaliana/SRP186316_GSE126782.zip,True
PRJNA379206,115,SRP101909,https://dee2.io/huge/athaliana/SRP101909_NA.zip,True
PRJNA1050300,115,SRP476750,https://dee2.io/huge/athaliana/SRP476750_GSE249766.zip,True
PRJEB12413,115,ERP013888,,False
PRJNA385669,112,SRP106557,https://dee2.io/huge/athaliana/SRP106557_GSE98610.zip,True
PRJNA169403,112,SRP013916,https://dee2.io/huge/athaliana/SRP013916_GSE38922.zip,True
PRJNA428511,112,SRP128055,https://dee2.io/huge/athaliana/SRP128055_GSE108764.zip,True
PRJNA781852,112,SRP346907,https://dee2.io/huge/athaliana/SRP346907_GSE189177.zip,True
PRJNA448580,112,SRP137005,https://dee2.io/huge/athaliana/SRP137005_GSE112632.zip,True
PRJNA839434,111,SRP375971,https://dee2.io/huge/athaliana/SRP375971_GSE203333.zip,True
PRJNA397064,111,SRP114786,https://dee2.io/huge/athaliana/SRP114786_GSE102236.zip,True
PRJNA691879,111,SRP301597,https://dee2.io/huge/athaliana/SRP301597_GSE164739.zip,True
PRJNA386485,111,SRP106994,https://dee2.io/huge/athaliana/SRP106994_GSE98872.zip,True
PRJNA551939,111,SRP212662,https://dee2.io/huge/athaliana/SRP212662_GSE133564.zip,True
PRJNA599395,111,SRP239820,https://dee2.io/huge/athaliana/SRP239820_GSE143244.zip,True
PRJNA384192,111,SRP105190,https://dee2.io/huge/athaliana/SRP105190_GSE98176.zip,True
PRJNA913128,111,SRP413446,https://dee2.io/huge/athaliana/SRP413446_GSE221157.zip,True
PRJNA721401,111,SRP314497,https://dee2.io/huge/athaliana/SRP314497_GSE171922.zip,True
PRJNA209644,111,SRP026334,https://dee2.io/huge/athaliana/SRP026334_GSE48309.zip,True
PRJNA566137,111,SRP222301,,False
PRJNA244662,111,SRP041185,https://dee2.io/huge/athaliana/SRP041185_GSE56811.zip,True
PRJNA146209,110,SRP007581,https://dee2.io/huge/athaliana/SRP007581_GSE30970.zip,True
PRJNA814690,109,SRP363467,https://dee2.io/huge/athaliana/SRP363467_GSE198360.zip,True
PRJNA639782,109,SRP267522,https://dee2.io/huge/athaliana/SRP267522_GSE152579.zip,True
PRJNA1093123,109,SRP498485,https://dee2.io/huge/athaliana/SRP498485_GSE262756.zip,True
PRJNA976655,109,SRP439789,https://dee2.io/huge/athaliana/SRP439789_GSE233555.zip,True
PRJNA169669,107,SRP013996,https://dee2.io/huge/athaliana/SRP013996_GSE39051.zip,True
PRJNA532420,104,SRP192092,https://dee2.io/huge/athaliana/SRP192092_GSE129668.zip,True
PRJNA925168,104,SRP418140,https://dee2.io/huge/athaliana/SRP418140_GSE223168.zip,True
PRJNA369328,104,SRP098619,https://dee2.io/huge/athaliana/SRP098619_GSE94309.zip,True
PRJNA511488,104,SRP174262,,False
PRJNA244365,104,SRP041113,https://dee2.io/huge/athaliana/SRP041113_GSE56675.zip,True
PRJNA588415,104,SRP229345,,False
PRJNA254703,103,SRP044142,,False
PRJNA285758,103,SRP059030,https://dee2.io/huge/athaliana/SRP059030_GSE69510.zip,True
PRJNA196838,103,SRP020950,,False
PRJNA678733,103,SRP292754,https://dee2.io/huge/athaliana/SRP292754_GSE161571.zip,True
PRJNA1011298,103,SRP457858,https://dee2.io/huge/athaliana/SRP457858_GSE242075.zip,True
PRJNA1043393,103,SRP473153,https://dee2.io/huge/athaliana/SRP473153_GSE248337.zip,True
PRJNA687751,101,SRP299535,,False
PRJNA499084,101,SRP167149,https://dee2.io/huge/athaliana/SRP167149_GSE121927.zip,True
PRJNA153225,98,SRP011409,https://dee2.io/huge/athaliana/SRP011409_GSE36424.zip,True
PRJNA270526,97,SRP051214,,False
PRJNA1092698,97,SRP498287,https://dee2.io/huge/athaliana/SRP498287_GSE262650.zip,True
PRJNA296039,97,SRP063893,,False
PRJNA824442,97,SRP368024,https://dee2.io/huge/athaliana/SRP368024_GSE200390.zip,True
PRJNA429126,97,SRP128495,https://dee2.io/huge/athaliana/SRP128495_GSE108912.zip,True
PRJNA381131,97,SRP102803,,False
PRJNA360412,97,SRP096188,https://dee2.io/huge/athaliana/SRP096188_GSE93243.zip,True
PRJNA362641,97,SRP097224,,False
PRJNA321410,97,SRP074890,https://dee2.io/huge/athaliana/SRP074890_GSE81361.zip,True
PRJNA428403,97,SRP127991,https://dee2.io/huge/athaliana/SRP127991_GSE108730.zip,True
PRJNA225010,96,SRP032274,https://dee2.io/huge/athaliana/SRP032274_GSE51772.zip,True
PRJNA643282,95,SRP269433,https://dee2.io/huge/athaliana/SRP269433_GSE153588.zip,True
PRJNA488719,95,SRP159234,,False
PRJNA79729,93,SRP003234,https://dee2.io/huge/athaliana/SRP003234_NA.zip,True
PRJNA131113,93,SRP003413,,False
PRJNA534210,93,SRP193429,https://dee2.io/huge/athaliana/SRP193429_GSE129932.zip,True
PRJNA310222,92,SRP069072,,False
PRJNA896232,92,SRP405526,https://dee2.io/huge/athaliana/SRP405526_GSE216951.zip,True
PRJNA505666,92,SRP168763,,False
PRJNA374856,91,SRP099840,,False
PRJNA726641,91,SRP318086,,False
PRJNA996130,91,SRP450135,https://dee2.io/huge/athaliana/SRP450135_GSE237670.zip,True
PRJNA434810,91,SRP133210,https://dee2.io/huge/athaliana/SRP133210_GSE110923.zip,True
PRJNA209324,91,SRP026260,https://dee2.io/huge/athaliana/SRP026260_GSE48235.zip,True
PRJNA533237,91,SRP192828,https://dee2.io/huge/athaliana/SRP192828_GSE129938.zip,True
PRJNA757754,91,SRP334109,https://dee2.io/huge/athaliana/SRP334109_GSE182779.zip,True
PRJNA273631,91,SRP052825,https://dee2.io/huge/athaliana/SRP052825_GSE65287.zip,True
PRJNA514309,91,SRP178230,https://dee2.io/huge/athaliana/SRP178230_GSE124918.zip,True
PRJNA508784,91,SRP172777,https://dee2.io/huge/athaliana/SRP172777_GSE123459.zip,True
PRJNA380201,91,SRP102346,https://dee2.io/huge/athaliana/SRP102346_GSE96951.zip,True
PRJNA548091,91,SRP200966,https://dee2.io/huge/athaliana/SRP200966_GSE132441.zip,True
PRJNA591124,91,SRP231423,https://dee2.io/huge/athaliana/SRP231423_GSE140834.zip,True
PRJNA419486,91,SRP125461,https://dee2.io/huge/athaliana/SRP125461_GSE107260.zip,True
PRJNA379933,91,SRP102223,https://dee2.io/huge/athaliana/SRP102223_GSE96848.zip,True
PRJNA286795,91,SRP059391,https://dee2.io/huge/athaliana/SRP059391_GSE69802.zip,True
PRJNA149369,91,SRP009053,,False
PRJNA957136,89,SRP433313,,False
PRJNA352042,87,SRP092395,,False
PRJNA336041,87,SRP080767,,False
PRJNA637085,87,SRP265848,,False
PRJNA316811,86,SRP072554,https://dee2.io/huge/athaliana/SRP072554_GSE79709.zip,True
PRJNA898333,86,SRP406311,,False
PRJNA394842,86,SRP112712,https://dee2.io/huge/athaliana/SRP112712_GSE101567.zip,True
PRJNA699482,86,SRP304716,https://dee2.io/huge/athaliana/SRP304716_GSE166156.zip,True
PRJNA510312,86,SRP173581,https://dee2.io/huge/athaliana/SRP173581_GSE123911.zip,True
PRJNA378528,86,SRP101571,,False
PRJNA355875,85,SRP094441,https://dee2.io/huge/athaliana/SRP094441_GSE90771.zip,True
PRJNA785252,85,SRP349007,https://dee2.io/huge/athaliana/SRP349007_GSE189946.zip,True
PRJNA354330,85,SRP093666,https://dee2.io/huge/athaliana/SRP093666_GSE90004.zip,True
PRJNA722862,85,SRP315287,https://dee2.io/huge/athaliana/SRP315287_GSE172298.zip,True
PRJNA387926,85,SRP107981,https://dee2.io/huge/athaliana/SRP107981_GSE99283.zip,True
PRJNA540606,85,SRP194376,,False
PRJNA553510,85,SRP213876,https://dee2.io/huge/athaliana/SRP213876_GSE134019.zip,True
PRJNA760904,85,SRP335733,,False
PRJNA559286,85,SRP217819,https://dee2.io/huge/athaliana/SRP217819_GSE135559.zip,True
PRJNA646755,85,SRP272288,https://dee2.io/huge/athaliana/SRP272288_GSE154601.zip,True
PRJNA271395,85,SRP051641,,False
PRJNA660962,85,SRP279734,,False
PRJNA281884,85,SRP057531,,False
PRJNA143331,85,SRP007424,,False
PRJNA578729,85,SRP226506,https://dee2.io/huge/athaliana/SRP226506_GSE139201.zip,True
PRJNA547995,85,SRP200947,https://dee2.io/huge/athaliana/SRP200947_GSE132415.zip,True
PRJNA380890,85,SRP102692,https://dee2.io/huge/athaliana/SRP102692_GSE97174.zip,True
PRJNA683624,84,SRP297110,,False
PRJNA832295,83,SRP372359,https://dee2.io/huge/athaliana/SRP372359_GSE201607.zip,True
PRJNA284487,83,SRP058527,https://dee2.io/huge/athaliana/SRP058527_GSE69077.zip,True
PRJNA714396,82,SRP310554,,False
PRJNA381799,80,SRP103123,https://dee2.io/huge/athaliana/SRP103123_GSE97446.zip,True
PRJNA413141,80,SRP119401,https://dee2.io/huge/athaliana/SRP119401_GSE104590.zip,True
PRJNA313326,79,SRP070904,,False
PRJNA749004,79,SRP329451,,False
PRJNA658111,79,SRP278107,https://dee2.io/huge/athaliana/SRP278107_GSE156491.zip,True
PRJNA957462,79,SRP433438,https://dee2.io/huge/athaliana/SRP433438_GSE230100.zip,True
PRJNA291520,79,SRP061843,https://dee2.io/huge/athaliana/SRP061843_GSE71563.zip,True
PRJNA611706,79,SRP252170,,False
PRJNA689568,79,SRP300220,https://dee2.io/huge/athaliana/SRP300220_GSE164217.zip,True
PRJNA497270,79,SRP165999,https://dee2.io/huge/athaliana/SRP165999_GSE121407.zip,True
PRJNA356373,79,SRP094618,https://dee2.io/huge/athaliana/SRP094618_GSE90925.zip,True
PRJNA828457,79,SRP371294,https://dee2.io/huge/athaliana/SRP371294_GSE201115.zip,True
PRJNA418121,77,SRP124841,https://dee2.io/huge/athaliana/SRP124841_GSE106811.zip,True
PRJNA830475,77,SRP371526,https://dee2.io/huge/athaliana/SRP371526_GSE201233.zip,True
PRJNA814226,77,SRP363184,,False
PRJNA429462,75,SRP128715,https://dee2.io/huge/athaliana/SRP128715_GSE109038.zip,True
PRJNA679954,73,SRP293631,https://dee2.io/huge/athaliana/SRP293631_GSE161940.zip,True
PRJNA812776,73,SRP362447,https://dee2.io/huge/athaliana/SRP362447_GSE197898.zip,True
PRJNA274783,73,SRP053306,https://dee2.io/huge/athaliana/SRP053306_GSE65717.zip,True
PRJNA833205,73,SRP372776,,False
PRJNA833672,73,SRP372966,https://dee2.io/huge/athaliana/SRP372966_GSE201941.zip,True
PRJNA686950,73,SRP298714,https://dee2.io/huge/athaliana/SRP298714_GSE163618.zip,True
PRJNA601158,73,SRP241906,https://dee2.io/huge/athaliana/SRP241906_GSE143634.zip,True
PRJNA407793,72,SRP117943,,False
PRJNA759614,72,SRP335231,,False
PRJNA339862,72,SRP082585,,False
PRJNA687636,70,SRP299215,,False
PRJNA229991,68,SRP033350,,False
PRJNA316152,68,SRP072249,,False
PRJNA114507,68,SRP000783,,False
PRJNA926932,68,SRP418836,,False
PRJNA916262,67,SRP414949,,False
PRJNA548566,67,SRP201247,,False
PRJNA927819,67,SRP419119,,False
PRJNA253122,67,SRP043425,,False
PRJNA796288,67,SRP354449,,False
PRJNA767322,66,SRP339277,,False
PRJNA594286,65,SRP235227,,False
PRJNA720939,65,SRP314245,,False
PRJNA478857,65,SRP151754,,False
PRJNA641827,65,SRP268778,,False
PRJNA389738,64,SRP108861,,False
PRJNA677901,64,SRP292306,,False
PRJNA605023,63,SRP247443,,False
PRJNA416458,63,SRP123069,,False
PRJNA285077,63,SRP058765,,False
PRJNA137341,63,SRP005700,,False
PRJNA660407,63,SRP279435,,False
PRJNA730707,63,SRP320285,,False
PRJNA318266,63,SRP073197,,False
PRJNA117297,63,SRP001845,,False
PRJNA786498,61,SRP349386,,False
PRJNA1063220,61,SRP482938,,False
PRJNA136131,61,SRP006211,,False
PRJNA251821,60,SRP042972,,False
PRJNA260678,60,SRP046984,,False
PRJNA155427,60,SRP011589,,False
PRJNA509070,59,SRP173206,,False
PRJNA146353,59,SRP008486,,False
PRJNA535489,59,SRP193860,,False
PRJNA540493,59,SRP194274,,False
PRJNA136741,59,SRP005126,,False
PRJNA504761,59,SRP168343,,False
PRJNA357198,59,SRP095004,,False
PRJNA304316,59,SRP066739,,False
PRJNA464058,59,SRP144660,,False
PRJNA317738,59,SRP073025,,False
PRJNA388384,59,SRP108242,,False
PRJNA719557,59,SRP313349,,False
PRJNA414048,59,SRP119830,,False
PRJNA638530,59,SRP266724,,False
PRJNA736240,58,SRP323331,,False
PRJNA482577,56,SRP154992,,False
PRJNA280956,56,SRP057105,,False
PRJNA230627,55,SRP033507,,False
PRJNA208889,55,SRP026164,,False
PRJNA214919,55,SRP028722,,False
PRJNA315850,55,SRP072126,https://dee2.io/huge/athaliana/SRP072126_NA.zip,True
PRJNA347858,55,SRP091395,,False
PRJNA189938,55,SRP018768,,False
PRJNA609762,55,SRP251303,,False
PRJNA339018,55,SRP082191,,False
PRJNA756175,55,SRP333268,,False
PRJNA892489,54,SRP403632,,False
PRJNA353651,53,SRP093390,,False
PRJNA384582,52,SRP105343,,False
PRJEB50694,52,ERP135313,,False
PRJNA506260,50,SRP169955,,False
PRJNA691247,50,SRP301264,,False
PRJNA297369,49,SRP064326,,False
PRJNA449688,49,SRP139567,,False
PRJNA173828,49,SRP015130,,False
PRJNA562027,49,SRP219324,,False
PRJNA280603,49,SRP056979,,False
PRJNA267853,47,SRP050051,,False
PRJNA454678,46,SRP144354,,False
PRJNA622727,46,SRP255014,,False
PRJNA186682,46,SRP017970,,False
PRJNA215166,46,SRP028777,,False
PRJNA248110,46,SRP042122,,False
PRJNA1011929,46,SRP458044,https://dee2.io/huge/athaliana/SRP458044_GSE242191.zip,True
PRJNA306778,46,SRP067709,,False
PRJNA314979,46,SRP071666,,False
PRJNA284104,46,SRP058374,,False
PRJNA484111,45,SRP156129,,False
PRJNA215448,43,SRP028878,,False
PRJNA149671,43,SRP009656,,False
PRJNA802037,40,SRP357457,,False
PRJNA699584,40,SRP304770,,False
PRJNA1019363,39,SRP462065,,False
PRJNA750934,39,SRP330542,,False
PRJNA428472,37,SRP128032,,False
PRJNA117263,37,SRP001383,,False
PRJNA635882,37,SRP265266,,False
PRJNA603806,37,SRP245923,,False
PRJNA326566,36,SRP077002,,False
PRJNA174124,35,SRP015327,,False
PRJNA348553,35,SRP091588,,False
PRJNA498090,35,SRP166537,,False
PRJNA255870,34,SRP044700,,False
PRJNA141095,33,SRP007113,,False
PRJNA665188,33,SRP285089,,False
PRJNA186950,33,SRP018094,,False
PRJNA558733,33,SRP217494,,False
PRJNA473337,33,SRP149078,,False
PRJNA147283,33,SRP008348,,False
PRJNA354264,33,SRP096047,,False
PRJNA398395,33,SRP115495,,False
PRJEB18263,32,ERP020189,,False
PRJNA200315,32,SRP021538,,False
PRJNA454017,31,SRP143522,,False
PRJNA438125,31,SRP135285,,False
PRJNA648491,31,SRP273512,,False
PRJNA781535,31,SRP346741,,False
PRJNA434023,29,SRP132824,,False
PRJNA809476,29,SRP361009,,False
PRJNA115495,27,SRP000999,,False
PRJEB33589,25,ERP116395,,False
PRJNA727303,24,SRP318614,,False
PRJNA319661,22,SRP073942,,False
PRJNA718567,18,SRP312746,,False
PRJNA117657,18,SRP002566,,False
PRJNA744531,16,SRP327393,,False
PRJNA79813,15,SRP004053,,False
